id,level,type,arabic,transliteration,english
ahlan,1,word,"أهلاً","ahlan","Hello / hi"
salam,1,phrase,"السلام عليكم","salaam ʿaleekum","Peace be upon you (hello)"
sabah,1,phrase,"صباح الخير","sabaah el-kheer","Good morning"
masa,1,phrase,"مساء الخير","masaa el-kheer","Good evening"
ezzayak,1,phrase,"إزيك","ezzayak","How are you? (to a man)"
kollotamam,1,phrase,"كله تمام","kollo tamaam","All good"
shokran,1,word,"شكراً","shokran","Thank you"
afwan,1,word,"عفواً","afwan","You're welcome / excuse me"
minfadlak,1,phrase,"من فضلك","min fadlak","Please (to a man)"
maasalama,1,phrase,"مع السلامة","maʿa s-salaama","Goodbye"
aywa,1,word,"أيوة","aywa","Yes"
laa,1,word,"لأ","laʾ","No"
aasif,1,word,"آسف","aasif","Sorry (said by a man)"
lawsamaht,1,phrase,"لو سمحت","law samaht","Excuse me"
mabrook,1,word,"مبروك","mabrook","Congratulations"
ana,2,word,"أنا","ana","I"
entam,2,word,"إنت","enta","You (to a man)"
entif,2,word,"إنتي","enti","You (to a woman)"
huwwa,2,word,"هو","huwwa","He"
hiyya,2,word,"هي","hiyya","She"
ehna,2,word,"إحنا","ehna","We"
humma,2,word,"هم","humma","They"
eh,2,word,"إيه","eh","What"
miin,2,word,"مين","miin","Who"
feen,2,word,"فين","feen","Where"
emta,2,word,"إمتى","emta","When"
ezzay,2,word,"إزاي","ezzaay","How"
leeh,2,word,"ليه","leeh","Why"
kaam,2,word,"كام","kaam","How many"
anhu,2,word,"أنهو","anhu","Which (m)"
wahid,3,word,"واحد","waahid","One"
etnein,3,word,"اتنين","etneen","Two"
talata,3,word,"تلاتة","talaata","Three"
arbaa,3,word,"أربعة","arbaʿa","Four"
khamsa,3,word,"خمسة","khamsa","Five"
setta,3,word,"ستة","setta","Six"
sabaa,3,word,"سبعة","sabʿa","Seven"
tamanya,3,word,"تمانية","tamanya","Eight"
tesaa,3,word,"تسعة","tesʿa","Nine"
ashara,3,word,"عشرة","ʿashara","Ten"
kwayyes,3,word,"كويس","kwayyes","Good"
wehesh,3,word,"وحش","weHesh","Bad"
kebiir,3,word,"كبير","kebiir","Big"
soghayyar,3,word,"صغير","soghayyar","Small"
gediid,3,word,"جديد","gediid","New"
helw,3,word,"حلو","Helw","Nice / sweet"
taweel,3,word,"طويل","Taweel","Tall / long"
oreyyeb,3,word,"قريب","ʾoreyyeb","Near / close"
beeid,3,word,"بعيد","beʿiid","Far"
ketiir,3,word,"كتير","ketiir","A lot / many"
shwayya,3,word,"شوية","shwayya","A little"
aayezm,4,word,"عايز","ʿaayez","I want (said by a man)"
aayezf,4,word,"عايزة","ʿayza","I want (said by a woman)"
barooh,4,word,"بروح","barooH","I go"
baakol,4,word,"باكل","baakol","I eat"
bashrab,4,word,"بشرب","bashrab","I drink"
baamel,4,word,"بعمل","baʿmel","I do / make"
bahebb,4,word,"بحب","baHebb","I like / love"
bashoof,4,word,"بشوف","bashoof","I see"
baool,4,word,"بقول","baʾool","I say"
faahim,4,word,"فاهم","faahim","I understand (man)"
aarif,4,word,"عارف","ʿaarif","I know (man)"
andi,4,word,"عندي","ʿandi","I have"
andak,4,word,"عندك","ʿandak","Do you have (to a man)"
mesh,4,word,"مش","mesh","Not"
fiih,4,word,"فيه","fiih","There is"
mumkin,4,word,"ممكن","mumkin","Can / maybe"
laazim,4,word,"لازم","laazim","Must / have to"
mayya,5,word,"مية","mayya","Water"
akl,5,word,"أكل","akl","Food"
eesh,5,word,"عيش","ʿeesh","Bread"
shaay,5,word,"شاي","shaay","Tea"
ahwa,5,word,"قهوة","ʾahwa","Coffee"
sokkar,5,word,"سكر","sokkar","Sugar"
laban,5,word,"لبن","laban","Milk"
beed,5,word,"بيض","beed","Eggs"
gibna,5,word,"جبنة","gibna","Cheese"
fitaar,5,word,"فطار","fitaar","Breakfast"
laziiz,5,word,"لذيذ","laziiz","Delicious"
hesab,5,phrase,"الحساب","el-Hesaab","The bill / check"
menyu,5,phrase,"المنيو","el-menyu","The menu"
aktar,5,word,"أكتر","aktar","More"
anaayezakl,5,sentence,"أنا عايز أكل","ana ʿaayez akl","I want food (man)"
mumkinhesab,5,phrase,"ممكن الحساب","mumkin el-Hesaab","Can I have the bill?"
dalaziiz,5,sentence,"ده لذيذ","da laziiz","This is delicious"
delwaati,6,word,"دلوقتي","delwaʾti","Now"
naharda,6,word,"النهاردة","en-naharda","Today"
bokra,6,word,"بكرة","bokra","Tomorrow"
embareh,6,word,"إمبارح","embaareh","Yesterday"
elleila,6,word,"الليلة","el-leila","Tonight"
sobh,6,word,"الصبح","es-sobH","The morning"
billeil,6,phrase,"بالليل","bil-leil","At night"
badein,6,word,"بعدين","baʿdein","Later"
lissa,6,word,"لسه","lissa","Still / not yet"
dayman,6,word,"دايماً","dayman","Always"
saa,6,word,"ساعة","saaʿa","Hour / clock"
yom,6,word,"يوم","yom","Day"
osboo,6,word,"أسبوع","osbooʿ","Week"
shahr,6,word,"شهر","shahr","Month"
essaakaam,6,sentence,"الساعة كام","es-saaʿa kaam","What time is it?"
ashoofakbokra,6,sentence,"أشوفك بكرة","ashoofak bokra","See you tomorrow"
yemiin,7,word,"يمين","yemiin","Right (direction)"
shimaal,7,word,"شمال","shimaal","Left (direction)"
alatool,7,phrase,"على طول","ʿala tool","Straight ahead"
hena,7,word,"هنا","hena","Here"
henaak,7,word,"هناك","henaak","There"
share,7,word,"شارع","shaareʿ","Street"
arabiyya,7,word,"عربية","ʿarabiyya","Car"
otobiis,7,word,"أوتوبيس","otobiis","Bus"
taxi,7,word,"تاكسي","taksi","Taxi"
metro,7,word,"مترو","metro","Metro"
mahatta,7,word,"محطة","maHatta","Station"
matar,7,word,"مطار","maTaar","Airport"
feenmahatta,7,sentence,"فين المحطة","feen el-maHatta","Where's the station?"
anaayezarooh,7,sentence,"أنا عايز أروح هنا","ana ʿaayez arooH hena","I want to go here (man)"
bekaam,8,word,"بكام","bekaam","How much (price)"
ghaali,8,word,"غالي","ghaali","Expensive"
rekhiis,8,word,"رخيص","rekhiis","Cheap"
feloos,8,word,"فلوس","feloos","Money"
da,8,word,"ده","da","This (m)"
kis,8,word,"كيس","kiis","Bag"
baai,8,phrase,"الباقي","el-baaʾi","The change"
edeeni,8,word,"اديني","edeeni","Give me"
dabekaam,8,sentence,"ده بكام","da bekaam","How much is this?"
ghaaliawi,8,phrase,"غالي أوي","ghaali awi","Very expensive"
mumkintakhfiid,8,phrase,"ممكن تخفيض","mumkin takhfiid","Can you give a discount?"
anaayezashteri,8,sentence,"أنا عايز أشتري ده","ana ʿaayez ashteri da","I want to buy this (man)"
esmakeh,9,sentence,"اسمك إيه","esmak eh","What's your name? (man)"
esmi,9,phrase,"اسمي","esmi","My name is"
anamen,9,phrase,"أنا من","ana men","I'm from"
entamenein,9,sentence,"إنت منين","enta menein","Where are you from? (man)"
mabsoot,9,word,"مبسوط","mabsoot","Happy (man)"
taabaan,9,word,"تعبان","taʿbaan","Tired (man)"
hamdulillah,9,phrase,"الحمد لله","el-Hamdu lillah","Thank God / I'm fine"
meshaarif,9,phrase,"مش عارف","mesh ʿaarif","I don't know (man)"
batkallemarabi,9,sentence,"أنا بتكلم شوية عربي","ana batkallem shwayya ʿarabi","I speak a little Arabic"
taaniminfadlak,9,sentence,"تاني من فضلك","taani min fadlak","Again, please"
ezzayaknaharda,10,sentence,"إزيك النهاردة","ezzayak en-naharda","How are you today? (man)"
ahwaminfadlak,10,sentence,"أنا عايز قهوة من فضلك","ana ʿaayez ʾahwa min fadlak","I want coffee, please (man)"
feenhammam,10,sentence,"فين الحمام لو سمحت","feen el-Hammaam law samaht","Where's the bathroom, please?"
elaklazlaziiz,10,sentence,"الأكل ده لذيذ أوي","el-akl da laziiz awi","This food is very delicious"
tetkallembirraaha,10,sentence,"ممكن تتكلم بالراحة","mumkin tetkallem bir-raaHa","Can you speak slowly?"
meshfaahim,10,sentence,"أنا مش فاهم","ana mesh faahim","I don't understand (man)"
tesaaedni,10,sentence,"ممكن تساعدني","mumkin tesaaʿedni","Can you help me?"
ashoofakinshaallah,10,sentence,"أشوفك بكرة إن شاء الله","ashoofak bokra in shaaʾ allah","See you tomorrow, God willing"
eila,11,word,"عيلة","ʿeila","Family"
om,11,word,"أم","om","Mother"
ab,11,word,"أب","ab","Father"
akh,11,word,"أخ","akh","Brother"
okht,11,word,"أخت","okht","Sister"
ebn,11,word,"ابن","ebn","Son"
bent,11,word,"بنت","bent","Daughter / girl"
gooz,11,word,"جوز","gooz","Husband"
zawga,11,word,"زوجة","zawga","Wife"
sahbi,11,word,"صاحبي","saHbi","My friend (m)"
beet,12,word,"بيت","beet","House"
shoghl,12,word,"شغل","shoghl","Work"
madrasa,12,word,"مدرسة","madrasa","School"
gamaa,12,word,"جامعة","gamʿa","University"
mostashfa,12,word,"مستشفى","mostashfa","Hospital"
soo,12,word,"سوق","sooʾ","Market"
matam,12,word,"مطعم","matʿam","Restaurant"
bank,12,word,"بنك","bank","Bank"
masgid,12,word,"مسجد","masgid","Mosque"
kniisa,12,word,"كنيسة","kniisa","Church"
farhaan,13,word,"فرحان","farHaan","Happy (man)"
zalaan,13,word,"زعلان","zaʿlaan","Upset (man)"
gaaan,13,word,"جعان","gaʿaan","Hungry (man)"
atshaan,13,word,"عطشان","ʿaTshaan","Thirsty (man)"
khaayef,13,word,"خايف","khaayef","Afraid (man)"
zahaan,13,word,"زهقان","zahʾaan","Bored (man)"
ayyaan,13,word,"عيان","ʿayyaan","Sick (man)"
mashghool,13,word,"مشغول","mashghool","Busy (man)"
rooh,14,word,"روح","rooH","Go! (to a man)"
taaala,14,word,"تعالى","taʿaala","Come! (to a man)"
estanna,14,word,"استنى","estanna","Wait"
yalla,14,word,"يلا","yalla","Let's go / come on"
khalas,14,word,"خلاص","khalaas","Done / enough"
maalesh,14,word,"معلش","maʿlesh","Never mind / it's okay"
teeji,14,phrase,"عايز تيجي","ʿaayez teegi","Do you want to come? (m)"
teeraf,14,phrase,"إنت تعرف","enta teʿraf","Do you know? (m)"
saaken,15,sentence,"أنا ساكن في مصر","ana saaken fi maSr","I live in Egypt (man)"
elgaww,15,sentence,"الجو حر النهاردة","el-gaww Harr en-naharda","The weather is hot today"
baheb maSri,15,sentence,"أنا بحب الأكل المصري","ana baHebb el-akl el-maSri","I love Egyptian food"
aorab,15,sentence,"فين أقرب محطة","feen aʾrab maHatta","Where's the nearest station?"
atallemarabi,15,sentence,"أنا عايز أتعلم عربي","ana ʿaayez atʿallem ʿarabi","I want to learn Arabic (man)"
hesabminfadlak,15,sentence,"الحساب من فضلك","el-Hesaab min fadlak","The bill, please (man)"
n11,16,word,"حداشر","Hedaashar","Eleven"
n12,16,word,"اتناشر","etnaashar","Twelve"
n13,16,word,"تلاتاشر","talataashar","Thirteen"
n15,16,word,"خمستاشر","khamastaashar","Fifteen"
n20,16,word,"عشرين","ʿeshriin","Twenty"
n30,16,word,"تلاتين","talatiin","Thirty"
n40,16,word,"أربعين","arbeʿiin","Forty"
n50,16,word,"خمسين","khamsiin","Fifty"
n60,16,word,"ستين","settiin","Sixty"
n70,16,word,"سبعين","sabʿiin","Seventy"
n80,16,word,"تمانين","tamaniin","Eighty"
n90,16,word,"تسعين","tesʿiin","Ninety"
n1000,16,word,"ألف","alf","One thousand"
d_goma,17,word,"الجمعة","el-gomʿa","Friday"
d_sabt,17,word,"السبت","es-sabt","Saturday"
d_had,17,word,"الحد","el-Hadd","Sunday"
d_etnein,17,word,"الإتنين","el-etneen","Monday"
d_talat,17,word,"التلات","et-talaat","Tuesday"
d_arba,17,word,"الأربع","el-arbaʿ","Wednesday"
d_khamiis,17,word,"الخميس","el-khamiis","Thursday"
t_deʾiʾa,17,word,"دقيقة","deʾiiʾa","Minute"
t_noss,17,phrase,"نص ساعة","noss saaʿa","Half an hour"
t_reb,17,phrase,"ربع ساعة","rebʿ saaʿa","Quarter of an hour"
t_badri,17,word,"بدري","badri","Early"
t_metaakhar,17,word,"متأخر","metʾakhar","Late"
v_write,18,word,"بكتب","baktib","I write"
v_read,18,word,"باقرا","baʾra","I read"
v_work,18,word,"باشتغل","bashtaghal","I work"
v_sleep,18,word,"بانام","banaam","I sleep"
v_wake,18,word,"باصحى","baSHa","I wake up"
v_sit,18,word,"باقعد","baʾʿod","I sit / stay"
v_open,18,word,"بافتح","baftaH","I open"
v_close,18,word,"باقفل","baʾfel","I close"
v_pay,18,word,"بادفع","badfaʿ","I pay"
v_help,18,word,"باساعد","basaaʿed","I help"
v_ask,18,word,"باسأل","basʾal","I ask"
v_listen,18,word,"باسمع","basmaʿ","I listen / hear"
v_wait,19,word,"باستنى","bastanna","I wait"
v_find,19,word,"بالاقي","balaaʾi","I find"
v_take,19,word,"باخد","baakhod","I take"
v_bring,19,word,"باجيب","bagiib","I bring"
v_understand,19,word,"بافهم","bafham","I understand"
v_forget,19,word,"بانسى","bansa","I forget"
v_think,19,word,"بافكر","bafakkar","I think"
p_doingwhat,19,sentence,"بتعمل إيه","betiʿmel eh","What are you doing? (m)"
p_canhelp,19,sentence,"ممكن أساعدك","mumkin asaʿdak","Can I help you? (m)"
p_whatlike,19,sentence,"تحب إيه","teHebb eh","What would you like? (m)"
pr_in,20,word,"في","fi","In"
pr_on,20,word,"على","ʿala","On"
pr_under,20,word,"تحت","taHt","Under"
pr_above,20,word,"فوق","foʾ","Above / up"
pr_next,20,word,"جمب","gamb","Next to"
pr_behind,20,word,"ورا","wara","Behind"
pr_front,20,word,"قدام","oddaam","In front of"
pr_between,20,word,"بين","been","Between"
pr_with,20,word,"مع","maʿa","With"
pr_without,20,phrase,"من غير","men gheer","Without"
pr_to,20,word,"لـ","le","To / for"
pr_inside,20,word,"جوه","gowwa","Inside"
pr_outside,20,word,"بره","barra","Outside"
c_and,21,word,"و","we","And"
c_but,21,word,"بس","bas","But / only"
c_because,21,word,"عشان","ʿashaan","Because"
c_if,21,word,"لو","law","If"
c_or,21,word,"ولا","walla","Or"
c_also,21,word,"كمان","kamaan","Also / too"
c_sothat,21,phrase,"عشان كده","ʿashaan keda","That's why / so"
c_imean,21,word,"يعني","yaʿni","I mean / like"
c_okthen,21,word,"طب","Tab","Okay then / so"
c_whatsup,21,sentence,"فيه إيه","fiih eh","What's the matter?"
col_white,22,word,"أبيض","abyaD","White"
col_black,22,word,"إسود","eswed","Black"
col_red,22,word,"أحمر","aHmar","Red"
col_blue,22,word,"أزرق","azraʾ","Blue"
col_green,22,word,"أخضر","akhDar","Green"
col_yellow,22,word,"أصفر","aSfar","Yellow"
col_brown,22,word,"بني","bonni","Brown"
col_gray,22,word,"رمادي","romaadi","Gray"
col_orange,22,word,"برتقاني","bortoʾaani","Orange"
col_color,22,word,"لون","loon","Color"
a_hotw,23,word,"حر","Harr","Hot (weather)"
a_cold,23,word,"بارد","baared","Cold"
a_hotobj,23,word,"سخن","sokhn","Hot (object)"
a_fast,23,word,"سريع","sariiʿ","Fast"
a_slow,23,word,"بطيء","baTiiʾ","Slow"
a_easy,23,word,"سهل","sahl","Easy"
a_hard,23,word,"صعب","saʿb","Hard / difficult"
a_clean,23,word,"نضيف","naDiif","Clean"
a_dirty,23,word,"وسخ","wesekh","Dirty"
a_full,23,word,"مليان","malyaan","Full"
a_empty,23,word,"فاضي","faaDi","Empty / free"
a_rich,23,word,"غني","ghani","Rich"
a_poor,23,word,"فقير","faʾiir","Poor"
b_head,24,word,"راس","raas","Head"
b_eye,24,word,"عين","ʿein","Eye"
b_hand,24,word,"إيد","iid","Hand"
b_leg,24,word,"رجل","regl","Leg / foot"
b_stomach,24,word,"بطن","baTn","Stomach"
b_tooth,24,word,"ضرس","Ders","Tooth"
b_heart,24,word,"قلب","ʾalb","Heart"
b_doctor,24,word,"دكتور","doktoor","Doctor"
b_medicine,24,word,"دوا","dawa","Medicine"
b_pain,24,word,"وجع","wagaʿ","Pain / ache"
b_headache,24,word,"صداع","Sodaaʿ","Headache"
b_haveheadache,24,sentence,"عندي صداع","ʿandi Sodaaʿ","I have a headache"
h_room,25,word,"أوضة","oDa","Room"
h_kitchen,25,word,"مطبخ","maTbakh","Kitchen"
h_bathroom,25,word,"حمام","Hammaam","Bathroom"
h_bed,25,word,"سرير","sariir","Bed"
h_table,25,word,"ترابيزة","tarabeeza","Table"
h_chair,25,word,"كرسي","korsi","Chair"
h_door,25,word,"باب","baab","Door"
h_window,25,word,"شباك","shebbaak","Window"
h_key,25,word,"مفتاح","moftaaH","Key"
h_light,25,word,"نور","noor","Light"
h_fridge,25,word,"تلاجة","talaaga","Fridge"
cl_clothes,26,word,"هدوم","hedoom","Clothes"
cl_shirt,26,word,"قميص","ʾamiiS","Shirt"
cl_trousers,26,word,"بنطلون","banTaloon","Trousers"
cl_shoes,26,word,"جزمة","gazma","Shoes"
cl_dress,26,word,"فستان","fostaan","Dress"
cl_glasses,26,word,"نضارة","naDDaara","Glasses"
cl_wallet,26,word,"محفظة","maHfaZa","Wallet"
cl_phone,26,word,"موبايل","mobaayl","Mobile phone"
w_office,27,word,"مكتب","maktab","Office / desk"
w_teacher,27,word,"مدرس","modarres","Teacher (m)"
w_student,27,word,"طالب","Taaleb","Student (m)"
w_degree,27,word,"شهادة","shahaada","Certificate / degree"
w_meeting,27,word,"اجتماع","egtemaaʿ","Meeting"
w_appt,27,word,"موعد","mawʿed","Appointment"
w_study,27,word,"بادرس","badris","I study"
w_whatjob,27,sentence,"بتشتغل إيه","beteshtaghal eh","What do you do for work? (m)"
w_iateacher,27,sentence,"أنا مدرس","ana modarres","I'm a teacher (m)"
ph_phone,28,word,"تليفون","telifoon","Telephone"
ph_call,28,word,"اتصال","etesaal","A call"
ph_message,28,word,"رسالة","resaala","Message"
ph_email,28,word,"إيميل","iimeel","Email"
ph_internet,28,word,"إنترنت","internet","Internet"
ph_whatsapp,28,word,"واتساب","watsaab","WhatsApp"
ph_number,28,word,"رقم","raʾam","Number"
ph_available,28,word,"موجود","mawgood","Available / present (m)"
ph_callme,28,sentence,"كلمني","kallemni","Call me (m)"
ph_sendme,28,sentence,"ابعتلي","ebʿatli","Send me (m)"
m_pound,29,word,"جنيه","gneeh","Pound (currency)"
m_coins,29,word,"فكة","fakka","Change (coins)"
m_card,29,word,"كارت","kart","Card"
m_cash,29,word,"كاش","kaash","Cash"
m_total,29,word,"الإجمالي","el-egmaali","The total"
m_havechange,29,sentence,"عندك فكة","ʿandak fakka","Do you have change? (m)"
m_perkilo,29,sentence,"ده بكام الكيلو","da bekaam el-kilo","How much per kilo?"
we_weather,30,word,"جو","gaww","Weather"
we_sun,30,word,"شمس","shams","Sun"
we_rain,30,word,"مطر","maTar","Rain"
we_wind,30,word,"ريح","riiH","Wind"
we_cold,30,word,"برد","bard","Cold (the cold)"
we_clouds,30,word,"سحاب","saHaab","Clouds"
we_summer,30,word,"صيف","Seif","Summer"
we_winter,30,word,"شتا","sheta","Winter"
tr_ticket,31,word,"تذكرة","tazkara","Ticket"
tr_hotel,31,word,"فندق","fondoʾ","Hotel"
tr_booking,31,word,"حجز","Hagz","Reservation"
tr_passport,31,word,"باسبور","basboor","Passport"
tr_trip,31,word,"رحلة","reHla","Trip / flight"
tr_wherehotel,31,sentence,"فين الفندق","feen el-fondoʾ","Where's the hotel?"
tr_havebooking,31,sentence,"عندي حجز","ʿandi Hagz","I have a reservation"
r_order,32,sentence,"أنا عايز أطلب","ana ʿaayez aTlob","I want to order (m)"
r_cup,32,word,"كوباية","kobaaya","Cup / glass"
r_bottle,32,word,"أزازة","azaaza","Bottle"
r_coldserved,32,word,"ساقع","saʾʿa","Cold (served cold)"
r_full,32,sentence,"أنا شبعان","ana shabʿaan","I'm full (m)"
r_billplease,32,sentence,"الحساب لو سمحت","el-Hesaab law samaHt","The bill, please"
o_think,33,phrase,"في رأيي","fi raʾyi","In my opinion"
o_agree,33,word,"موافق","mowaafeʾ","I agree (m)"
o_prefer,33,word,"بافضل","bafaDDal","I prefer"
o_really,33,word,"بجد","begadd","Really?"
o_ofcourse,33,word,"طبعاً","TabʿAn","Of course"
o_maybe,33,word,"يمكن","yemken","Maybe"
o_notsure,33,phrase,"مش متأكد","mesh metʾakked","Not sure (m)"
o_great,33,word,"عظيم","ʿaZiim","Great"
o_sure,33,word,"أكيد","akiid","Sure / definitely"
o_nice,33,word,"جميل","gamiil","Lovely / nice"
s_askq,34,sentence,"ممكن أسألك سؤال","mumkin asʾalak suʾaal","Can I ask you a question? (m)"
s_english,34,sentence,"إنت بتتكلم إنجليزي","enta betetkallem engliizi","Do you speak English? (m)"
s_notfromhere,34,sentence,"أنا مش من هنا","ana mesh men hena","I'm not from here"
s_helpplease,34,sentence,"ممكن تساعدني لو سمحت","mumkin tesaaʿedni law samaHt","Can you help me, please?"
s_lost,34,sentence,"أنا تايه","ana taayeh","I'm lost (m)"
s_waitmoment,34,sentence,"استنى لحظة","estanna laHZa","Wait a moment"
s_doesntmatter,34,sentence,"مش مهم","mesh mohem","It doesn't matter"
s_asyoulike,34,sentence,"براحتك","be-raaHtak","As you like (m)"
s_nicemeet,35,sentence,"سعيد بمعرفتك","saʿiid be-maʿreftak","Nice to meet you (m)"
s_meetagain,35,sentence,"إن شاء الله نتقابل تاني","in shaaʾ allah netʾaabel taani","Hopefully we'll meet again"
s_callifneed,35,sentence,"اتصل بيا لو محتاج حاجة","etesel biya law meHtaag Haaga","Call me if you need anything (m)"
s_loveegypt,35,sentence,"أنا بحب مصر أوي","ana baHebb maSr awi","I love Egypt a lot"
s_talklater,35,sentence,"ممكن نتكلم بعدين","mumkin netkallem baʿdein","Can we talk later?"
s_letsgo,35,sentence,"يلا بينا","yalla biina","Let's go (come on)"
s_takecare,35,sentence,"خد بالك","khod baalak","Take care (m)"
vc_yougo,36,word,"بتروح","betrooH","You go (m) / she goes"
vc_yougof,36,word,"بتروحي","betrooHi","You go (f)"
vc_hego,36,word,"بيروح","biyrooH","He goes"
vc_wego,36,word,"بنروح","benrooH","We go"
vc_theygo,36,word,"بيروحوا","biyrooHu","They go"
vc_youeat,36,word,"بتاكل","betaakol","You eat (m) / she eats"
vc_heeat,36,word,"بياكل","biyaakol","He eats"
vc_weeat,36,word,"بناكل","benaakol","We eat"
vc_youdo,36,word,"بتعمل","betiʿmel","You do (m) / she does"
vc_hedo,36,word,"بيعمل","biyiʿmel","He does"
vc_wedo,36,word,"بنعمل","benʿmel","We do"
pf_iwent,37,word,"رحت","roHt","I went"
pf_hewent,37,word,"راح","raaH","He went"
pf_shewent,37,word,"راحت","raaHet","She went"
pf_wewent,37,word,"رحنا","roHna","We went"
pf_iate,37,word,"أكلت","akalt","I ate"
pf_idid,37,word,"عملت","ʿamalt","I did"
pf_iwillgo,37,word,"هروح","harooH","I will go"
pf_hewillgo,37,word,"هيروح","hayrooH","He will go"
pf_iwilleat,37,word,"هاكل","haakol","I will eat"
pf_didntgo,37,word,"ماروحتش","maroHtesh","I didn't go"
pf_didnteat,37,word,"ماكلتش","makaltesh","I didn't eat"
pf_wontgo,37,phrase,"مش هروح","mesh harooH","I won't go"
tx_driver,38,phrase,"يا أسطى","ya osTa","Hey, driver! (calling a cab)"
tx_takeme,38,phrase,"وديني","waddiini","Take me (to)"
tx_meter,38,sentence,"شغل العداد","shaghghal el-ʿaddaad","Turn on the meter"
tx_fare,38,sentence,"الأجرة بكام","el-ogra bekaam","How much is the fare?"
tx_stophere,38,sentence,"وقف هنا","waʾʾaf hena","Stop here"
tx_right,38,sentence,"على اليمين لو سمحت","ʿala el-yemiin law samaHt","To the right, please"
tx_hurry,38,sentence,"أنا مستعجل","ana mestaʿgel","I'm in a hurry (m)"
tx_toomuch,38,sentence,"ده كتير","da ketiir","That's too much"
tx_havechange,38,sentence,"معايا فكة","maʿaaya fakka","I have change"
tx_keepchange,38,sentence,"الباقي معاك","el-baaʾi maʿaak","Keep the change"
rx_pharmacy,39,word,"صيدلية","Saydaleyya","Pharmacy"
rx_cold,39,sentence,"عندي برد","ʿandi bard","I have a cold"
rx_fever,39,sentence,"عندي سخونية","ʿandi sokhneyya","I have a fever"
rx_cough,39,sentence,"عندي كحة","ʿandi koHHa","I have a cough"
rx_stomach,39,sentence,"عندي مغص","ʿandi maghaS","I have a stomach ache"
rx_painkiller,39,word,"مسكن","mosakken","Painkiller"
rx_wantmed,39,sentence,"عايز دوا","ʿaayez dawa","I want medicine (m)"
rx_howmuchmed,39,sentence,"الدوا ده بكام","el-dawa da bekaam","How much is this medicine?"
rx_howoften,39,sentence,"مرة كام في اليوم","marra kaam fil yom","How many times a day?"
rx_nearby,39,sentence,"فيه صيدلية قريبة","fiih Saydaleyya ʾoreyyeba","Is there a pharmacy nearby?"
mt_pleased,40,phrase,"اتشرفنا","etsharrafna","Pleased to meet you"
mt_wherelive,40,sentence,"إنت ساكن فين","enta saaken fein","Where do you live? (m)"
mt_age,40,sentence,"عندك كام سنة","ʿandak kaam sana","How old are you? (m)"
mt_coffee,40,sentence,"ممكن ناخد قهوة","mumkin naakhod ʾahwa","Shall we grab a coffee?"
mt_number,40,sentence,"ممكن رقمك","mumkin raʾamak","Can I get your number? (m)"
mt_gladmet,40,sentence,"أنا سعيد إني قابلتك","ana saʿiid eni ʾabeltak","I'm glad I met you (m)"
mt_nice,40,sentence,"إنت لطيف","enta laTiif","You're nice (m)"
mt_sit,40,sentence,"تعالى نقعد","taʿaala neʾʿod","Come, let's sit down"
mt_talkagain,40,sentence,"نتكلم تاني","netkallem taani","Let's talk again"
dr_clinic,41,word,"عيادة","ʿeyaada","Clinic"
dr_unwell,41,sentence,"أنا تعبان أوي","ana taʿbaan awi","I feel really unwell (m)"
dr_temp,41,sentence,"عندي حرارة","ʿandi Haraara","I have a temperature"
dr_hurtshere,41,sentence,"بيوجعني هنا","beyewgaʿni hena","It hurts here"
dr_dizzy,41,sentence,"حاسس بدوخة","Haases be-dookha","I feel dizzy (m)"
dr_sincewhen,41,phrase,"من إمتى","men emta","Since when?"
dr_needrest,41,sentence,"محتاج راحة","meHtaag raaHa","I need rest (m)"
dr_allergy,41,sentence,"عندي حساسية","ʿandi Hasaseyya","I have an allergy"
dr_bloodtest,41,phrase,"تحليل دم","taHliil damm","Blood test"
dr_prescription,41,word,"روشتة","roshetta","Prescription"
dr_examine,41,sentence,"ممكن تكشف عليا","mumkin tekshif ʿalayya","Can you examine me?"
rent_apartment,42,word,"شقة","shaʾʾa","Apartment"
rent_rent,42,word,"إيجار","iigaar","Rent"
rent_howmuch,42,sentence,"بكام الإيجار","bekaam el-iigaar","How much is the rent?"
rent_want,42,sentence,"عايز أأجر شقة","ʿaayez aʾaggar shaʾʾa","I want to rent an apartment (m)"
rent_rooms,42,sentence,"كام أوضة","kaam oDa","How many rooms?"
rent_furnished,42,word,"مفروشة","mafroosha","Furnished (apartment)"
rent_vacant,42,word,"فاضية","faaDya","Vacant / available (apartment)"
rent_deposit,42,word,"تأمين","taʾmiin","Deposit"
rent_contract,42,word,"عقد","ʿaʾd","Contract"
rent_utilities,42,phrase,"الكهربا والمية","el-kahraba wel-mayya","Electricity and water"
rent_seeit,42,sentence,"ممكن أشوف الشقة","mumkin ashoof el-shaʾʾa","Can I see the apartment?"
fr_loveyou,43,sentence,"بحبك","baHebbak","I love you (to a man)"
fr_missyou,43,sentence,"وحشتني","weHeshtni","I miss you"
fr_thinkofyou,43,sentence,"بفتكرك","baftekrak","I think about you (to a man)"
fr_upsetwith,43,sentence,"أنا زعلان منك","ana zaʿlaan mennak","I'm upset with you (m→m)"
fr_annoyed,43,word,"متضايق","metDaayeʾ","Annoyed / upset (m)"
fr_happywith,43,sentence,"مبسوط معاك","mabsoot maʿaak","I'm happy with you (m)"
fr_worried,43,sentence,"خايف عليك","khaayef ʿaleek","I'm worried about you (m)"
fr_important,43,sentence,"إنت مهم بالنسبة لي","enta mohem belnesbaali","You're important to me (m)"
fr_relationship,43,word,"علاقة","ʿelaaʾa","Relationship"
fr_friendship,43,word,"صداقة","Sadaaʾa","Friendship"
fr_forgiveme,43,sentence,"سامحني","saamHni","Forgive me (to a man)"
fr_thankseverything,43,sentence,"متشكر على كل حاجة","meteshakker ʿala kollo Haaga","Thanks for everything (m)"
fam_grandpa,44,word,"جدو","geddo","Grandpa"
fam_grandma,44,word,"تيتا","teta","Grandma"
fam_uncle_p,44,word,"عمو","ʿammo","Uncle (paternal)"
fam_uncle_m,44,word,"خالو","khaalo","Uncle (maternal)"
fam_aunt_p,44,word,"عمة","ʿamma","Aunt (paternal)"
fam_aunt_m,44,word,"خالة","khaala","Aunt (maternal)"
fam_cousin_m,44,phrase,"ابن عم","ebn ʿamm","Cousin (m, paternal)"
fam_cousin_f,44,phrase,"بنت عم","bent ʿamm","Cousin (f, paternal)"
fam_mydad,44,word,"أبويا","aboya","My dad"
fam_mymom,44,word,"أمي","ommi","My mom"
fam_relatives,44,word,"أقارب","aʾaareb","Relatives"
fam_neighbor,44,word,"جار","gaar","Neighbor"
an_cat,45,word,"قطة","ʾoTTa","Cat"
an_dog,45,word,"كلب","kalb","Dog"
an_bird,45,word,"عصفور","ʿaSfoor","Bird"
an_horse,45,word,"حصان","HoSaan","Horse"
an_donkey,45,word,"حمار","Homaar","Donkey"
an_camel,45,word,"جمل","gamal","Camel"
an_lion,45,word,"أسد","asad","Lion"
an_elephant,45,word,"فيل","fiil","Elephant"
an_fish,45,word,"سمكة","samaka","Fish (animal)"
an_chicken,45,word,"فرخة","farkha","Chicken (live)"
an_cow,45,word,"بقرة","baʾara","Cow"
an_mouse,45,word,"فار","faar","Mouse / rat"
fv_apple,46,word,"تفاح","toffaaH","Apple"
fv_banana,46,word,"موز","mooz","Banana"
fv_orange,46,word,"برتقان","bortoʾaan","Orange (fruit)"
fv_grapes,46,word,"عنب","ʿenab","Grapes"
fv_watermelon,46,word,"بطيخ","baTTiikh","Watermelon"
fv_mango,46,word,"مانجة","manga","Mango"
fv_tomato,46,word,"طماطم","TamaaTem","Tomatoes"
fv_potato,46,word,"بطاطس","baTaaTes","Potatoes"
fv_onion,46,word,"بصل","baSal","Onions"
fv_carrot,46,word,"جزر","gazar","Carrots"
fv_lettuce,46,word,"خس","khass","Lettuce"
fv_cucumber,46,word,"خيار","khyaar","Cucumber"
ef_koshari,47,word,"كشري","koshari","Koshary"
ef_ful,47,word,"فول","fool","Fava beans (ful)"
ef_taameya,47,word,"طعمية","taʿmeyya","Falafel (taameya)"
ef_molokhia,47,word,"ملوخية","molokheyya","Molokhia"
ef_rice,47,word,"رز","roz","Rice"
ef_pasta,47,word,"مكرونة","makarona","Pasta"
ef_chickenfood,47,word,"فراخ","feraakh","Chicken (food)"
ef_meat,47,word,"لحمة","laHma","Meat"
ef_fishfood,47,word,"سمك","samak","Fish (food)"
ef_salad,47,word,"سلطة","salaTa","Salad"
ef_soup,47,word,"شوربة","shorba","Soup"
ef_sweets,47,word,"حلويات","Halawiyyaat","Sweets / desserts"
sch_book,48,word,"كتاب","ketaab","Book"
sch_pen,48,word,"قلم","ʾalam","Pen"
sch_lesson,48,word,"درس","dars","Lesson"
sch_exam,48,word,"امتحان","emteHaan","Exam"
sch_homework,48,word,"واجب","waagib","Homework"
sch_grade,48,word,"علامة","ʿalaama","Grade / mark"
sch_subject,48,word,"مادة","maada","Subject"
sch_library,48,word,"مكتبة","maktaba","Library"
sch_class,48,word,"فصل","fasl","Classroom"
sch_math,48,word,"رياضيات","reyaaDeyyaat","Math"
sch_education,48,word,"تعليم","taʿliim","Education"
job_engineer,49,word,"مهندس","mohandes","Engineer"
job_lawyer,49,word,"محامي","moHaami","Lawyer"
job_chef,49,word,"طباخ","Tabbaakh","Chef / cook"
job_driver,49,word,"سايق","saayeʾ","Driver"
job_pharmacist,49,word,"صيدلي","Saydali","Pharmacist"
job_employee,49,word,"موظف","mowaZZaf","Employee"
job_farmer,49,word,"فلاح","fallaaH","Farmer"
job_seller,49,word,"بياع","bayyaaʿ","Salesman"
job_nurse,49,word,"ممرض","momareD","Nurse"
job_police,49,word,"شرطي","shorTi","Police officer"
job_journalist,49,word,"صحفي","SaHafi","Journalist"
job_manager,49,word,"مدير","modiir","Manager / boss"
sp_ball,50,word,"كورة","koora","Ball / football"
sp_sport,50,word,"رياضة","reyaaDa","Sport"
sp_swim,50,word,"عوم","ʿawm","Swimming"
sp_run,50,word,"جري","gari","Running"
sp_music,50,word,"مزيكا","maziika","Music"
sp_dance,50,word,"رقص","raʾS","Dancing"
sp_game,50,word,"لعبة","leʿba","Game"
sp_tv,50,word,"تلفزيون","talfezyoon","Television"
sp_cinema,50,word,"سينما","sinma","Cinema"
sp_photo,50,word,"صورة","Soora","Photo"
sp_reading,50,word,"قراية","ʾeraaya","Reading"
sp_hobby,50,word,"هواية","hewaaya","Hobby"
tec_computer,51,word,"كمبيوتر","kombyuter","Computer"
tec_laptop,51,word,"لابتوب","laptop","Laptop"
tec_screen,51,word,"شاشة","shaasha","Screen"
tec_app,51,word,"تطبيق","tatbiiʾ","App"
tec_facebook,51,word,"فيسبوك","feesbook","Facebook"
tec_video,51,word,"فيديو","video","Video"
tec_charge,51,word,"شحن","shaHn","Charging"
tec_battery,51,word,"بطارية","baTTareyya","Battery"
tec_wifi,51,word,"واي فاي","waay faay","Wi-Fi"
tec_signal,51,word,"شبكة","shabaka","Network / signal"
tec_camera,51,word,"كاميرا","kamira","Camera"
mo_jan,52,word,"يناير","yanaayer","January"
mo_feb,52,word,"فبراير","febraayer","February"
mo_mar,52,word,"مارس","maares","March"
mo_apr,52,word,"أبريل","abriil","April"
mo_may,52,word,"مايو","maayo","May"
mo_jun,52,word,"يونيو","yonyo","June"
mo_jul,52,word,"يوليو","yolyo","July"
mo_aug,52,word,"أغسطس","aghosTos","August"
mo_sep,52,word,"سبتمبر","september","September"
mo_oct,52,word,"أكتوبر","oktoober","October"
mo_nov,52,word,"نوفمبر","november","November"
mo_dec,52,word,"ديسمبر","december","December"
mo_spring,52,word,"الربيع","er-rabiiʿ","Spring"
mo_autumn,52,word,"الخريف","el-khariif","Autumn"
nat_sea,53,word,"بحر","baHr","Sea"
nat_nile,53,word,"النيل","en-niil","The Nile"
nat_river,53,word,"نهر","nahr","River"
nat_mountain,53,word,"جبل","gabal","Mountain"
nat_desert,53,word,"صحرا","SaHra","Desert"
nat_tree,53,word,"شجرة","shagara","Tree"
nat_flower,53,word,"زهرة","zahra","Flower"
nat_sky,53,word,"سما","sama","Sky"
nat_moon,53,word,"قمر","ʾamar","Moon"
nat_star,53,word,"نجمة","negma","Star"
nat_garden,53,word,"حديقة","Hadiiʾa","Garden / park"
nat_beach,53,word,"شاطئ","shaTeʾ","Beach"
vb_play,54,word,"بالعب","baleʿab","I play"
vb_cook,54,word,"باطبخ","baTbokh","I cook"
vb_wash,54,word,"باغسل","baghsel","I wash"
vb_clean,54,word,"بانضف","banaDDaf","I clean"
vb_buy,54,word,"باشتري","bashteri","I buy"
vb_sell,54,word,"بابيع","babiiʿ","I sell"
vb_learn,54,word,"باتعلم","batʿallem","I learn"
vb_travel,54,word,"باسافر","basaafer","I travel"
vb_try,54,word,"باحاول","baHaawel","I try"
vb_look,54,word,"بابص","baboss","I look"
vb_sing,54,word,"باغني","baghanni","I sing"
vb_laugh,54,word,"باضحك","baDHak","I laugh"
adj_short,55,word,"قصير","ʾoSayyar","Short"
adj_old,55,word,"قديم","ʾadiim","Old (thing)"
adj_dry,55,word,"ناشف","naashef","Dry"
adj_wet,55,word,"مبلول","mablool","Wet"
adj_warm,55,word,"دافي","daafi","Warm"
adj_important,55,word,"مهم","mohem","Important"
adj_clever,55,word,"شاطر","shaaTer","Clever / good at"
adj_high,55,word,"عالي","ʿaali","High / loud"
adj_low,55,word,"واطي","waaTi","Low"
adj_right,55,word,"صح","SaH","Correct / right"
adj_wrong,55,word,"غلط","ghalaT","Wrong"
adj_light,55,word,"خفيف","khafiif","Light (not heavy)"
hol_feast,56,word,"عيد","ʿiid","Feast / holiday"
hol_birthday,56,phrase,"عيد ميلاد","ʿiid milaad","Birthday"
hol_ramadan,56,word,"رمضان","ramaDaan","Ramadan"
hol_eidfitr,56,phrase,"عيد الفطر","ʿiid el-fiTr","Eid al-Fitr"
hol_gift,56,word,"هدية","hadeyya","Gift"
hol_party,56,word,"حفلة","Hafla","Party"
hol_wedding,56,word,"فرح","faraH","Wedding"
hol_cake,56,word,"تورتة","torta","Cake"
hol_candle,56,word,"شمعة","shamʿa","Candle"
hol_vacation,56,word,"أجازة","agaaza","Vacation / day off"
hol_manyhappy,56,sentence,"كل سنة وإنت طيب","koll sana wenta Tayyeb","Happy holidays! (to a man)"
sl_normal,57,word,"عادي","ʿaadi","It's normal / no big deal"
sl_cool,57,word,"جامد","gaamed","Cool / awesome (slang)"
sl_hey,57,phrase,"يا باشا","ya baasha","Hey, man! (friendly)"
sl_whatmean,57,sentence,"قصدك إيه","ʾaSdak eh","What do you mean? (m)"
sl_honestly,57,word,"والله","wallaahi","Honestly / I swear"
sl_noproblem,57,phrase,"مفيش مشكلة","mafiish moshkela","No problem"
sl_btw,57,phrase,"على فكرة","ʿala fekra","By the way"
sl_howsitgoing,57,sentence,"إزاي الأحوال","ezzaay el-aHwaal","How's it going?"
sl_willdo,57,word,"حاضر","HaaDer","Okay / will do"
sl_youreright,57,sentence,"معاك حق","maʿaak Haʾʾ","You're right (m)"
sl_ihope,57,phrase,"يا رب","ya rabb","I hope / please God"
kit_pot,58,word,"حلة","Hala","Pot"
kit_pan,58,word,"طاسة","Taasa","Frying pan"
kit_knife,58,word,"سكينة","sekkiina","Knife"
kit_spoon,58,word,"معلقة","maʿlaʾa","Spoon"
kit_fork,58,word,"شوكة","shoka","Fork"
kit_plate,58,word,"طبق","Tabaʾ","Plate"
kit_dish,58,word,"صحن","SaHn","Dish"
kit_oven,58,word,"فرن","forn","Oven"
kit_oil,58,word,"زيت","zeit","Oil"
kit_salt,58,word,"ملح","melH","Salt"
kit_pepper,58,word,"فلفل","felfel","Pepper"
kit_stove,58,word,"بوتاجاز","botagaaz","Stove / cooker"
per_kind,59,word,"طيب","Tayyeb","Kind (m)"
per_generous,59,word,"كريم","kariim","Generous (m)"
per_stingy,59,word,"بخيل","bakhiil","Stingy (m)"
per_patient,59,word,"صبور","Saboor","Patient (m)"
per_temper,59,word,"عصبي","ʿaSabi","Short-tempered (m)"
per_calm,59,word,"هادي","haadi","Calm (m)"
per_honest,59,word,"أمين","amiin","Honest (m)"
per_brave,59,word,"شجاع","shogaaʿ","Brave (m)"
per_shy,59,word,"خجول","khagool","Shy (m)"
per_stubborn,59,word,"عنيد","ʿaniid","Stubborn (m)"
per_smart,59,word,"ذكي","zaki","Smart (m)"
per_funny,59,word,"ظريف","ZariiF","Funny / pleasant (m)"
emo_happy,60,word,"سعيد","saʿiid","Happy (m)"
emo_sad,60,word,"حزين","Haziin","Sad (m)"
emo_angry,60,word,"غضبان","ghaDbaan","Angry (m)"
emo_worried,60,word,"قلقان","ʾalʾaan","Worried (m)"
emo_proud,60,word,"فخور","fakhoor","Proud (m)"
emo_jealous,60,word,"غيران","gheraan","Jealous (m)"
emo_surprised,60,word,"مستغرب","mestaghreb","Surprised (m)"
emo_lonely,60,word,"وحيد","waHiid","Lonely (m)"
emo_excited,60,word,"متحمس","motHammes","Excited (m)"
emo_relaxed,60,word,"مرتاح","mortaaH","Relaxed / comfortable (m)"
emo_embarrassed,60,word,"خجلان","khaglaan","Embarrassed (m)"
emo_optimistic,60,word,"متفائل","motafaael","Optimistic (m)"
bank_account,61,phrase,"حساب بنكي","Hesaab banki","Bank account"
bank_money,61,word,"مصاري","maSaari","Money (slang)"
bank_salary,61,word,"مرتب","marattab","Salary"
bank_invoice,61,word,"فاتورة","faatoora","Bill / invoice"
bank_receipt,61,word,"وصل","waSl","Receipt"
bank_transfer,61,word,"تحويل","taHwiil","Transfer"
bank_loan,61,word,"قرض","ʾarD","Loan"
bank_payment,61,word,"دفع","defʿ","Payment"
bank_atm,61,word,"ماكينة","makina","ATM / machine"
bank_currency,61,word,"عملة","ʿomla","Currency"
bank_card,61,phrase,"كارت بنكي","kart banki","Bank card"
biz_company,62,word,"شركة","sherka","Company"
biz_project,62,word,"مشروع","mashrooʿ","Project"
biz_customer,62,word,"زبون","zaboon","Customer"
biz_deal,62,word,"صفقة","safʾa","Deal"
biz_report,62,word,"تقرير","taʾriir","Report"
biz_promotion,62,word,"ترقية","targeyya","Promotion"
biz_resign,62,word,"استقالة","esteʾaala","Resignation"
biz_opportunity,62,word,"فرصة","fursa","Opportunity"
biz_experience,62,word,"خبرة","khebra","Experience"
biz_remote,62,sentence,"بشتغل من البيت","bashtaghal men el-beet","I work from home"
car_petrol,63,word,"بنزين","bensiin","Petrol / gas"
car_brakes,63,word,"فرامل","faraamel","Brakes"
car_light,63,word,"إشارة","eshaara","Traffic light / signal"
car_traffic,63,word,"زحمة","zaHma","Traffic / crowd"
car_license,63,word,"رخصة","rokhSa","License"
car_accident,63,word,"حادثة","Hadsa","Accident"
car_speed,63,word,"سرعة","soraʿa","Speed"
car_bump,63,word,"مطب","maTab","Speed bump"
car_wheel,63,word,"عجلة","ʿagala","Wheel"
car_tire,63,word,"كاوتش","kawitsh","Tire"
car_takeright,63,sentence,"خد يمين","khod yemiin","Take a right"
off_id,64,word,"بطاقة","betaaʾa","ID card"
off_form,64,word,"استمارة","estemaara","Form"
off_signature,64,word,"إمضا","emDa","Signature"
off_stamp,64,word,"ختم","khetm","Stamp / seal"
off_post,64,word,"البريد","el-bariid","Post office"
off_request,64,word,"طلب","TalaB","Application / request"
off_approval,64,word,"موافقة","mowaffaʾa","Approval"
off_natid,64,phrase,"رقم قومي","raʾam ʾawmi","National ID number"
off_birthcert,64,phrase,"شهادة ميلاد","shahaadet milaad","Birth certificate"
off_govoffice,64,phrase,"مكتب حكومي","maktab Hokoomi","Government office"
off_queue,64,word,"طابور","Taboor","Queue / line"
faith_godwilling,65,phrase,"إن شاء الله","in shaaʾ allah","God willing"
faith_mashallah,65,phrase,"ما شاء الله","ma shaaʾ allah","God bless / amazing"
faith_bismillah,65,phrase,"بسم الله","bismillah","In God's name (before starting)"
faith_keepyou,65,phrase,"ربنا يخليك","rabbena yekhalliik","May God keep you (please/thanks)"
faith_bless,65,phrase,"ربنا يبارك فيك","rabbena yebaarek fiik","God bless you (m)"
faith_welcomeback,65,sentence,"الحمد لله على السلامة","el-Hamdu lillah ʿalas-salaama","Welcome back / glad you're safe"
faith_makeeasy,65,phrase,"ربنا يسهل","rabbena yesahhel","May God make it easy"
faith_restsoul,65,phrase,"الله يرحمه","allah yerHamo","God rest their soul"
faith_ohmy,65,phrase,"يا ساتر","ya saater","Oh my goodness!"
city_electricity,66,word,"كهربا","kahraba","Electricity"
city_gas,66,word,"غاز","ghaaz","Gas"
city_garbage,66,word,"زبالة","zebaala","Garbage"
city_square,66,word,"ميدان","meedaan","Square / roundabout"
city_bridge,66,word,"كوبري","kobri","Bridge"
city_tunnel,66,word,"نفق","nafaʾ","Tunnel"
city_sidewalk,66,word,"رصيف","raSiif","Sidewalk"
city_building,66,word,"عمارة","ʿamaara","Building"
city_floor,66,word,"دور","door","Floor (level)"
city_elevator,66,word,"أسانسير","asanseer","Elevator"
city_doorman,66,word,"بواب","bawwaab","Doorman"
qty_kilo,67,word,"كيلو","kilo","Kilo"
qty_halfkilo,67,phrase,"نص كيلو","noSS kilo","Half a kilo"
qty_gram,67,word,"جرام","graam","Gram"
qty_liter,67,word,"لتر","litr","Liter"
qty_meter,67,word,"متر","metr","Meter"
qty_box,67,word,"علبة","ʿelba","Box / can"
qty_dozen,67,word,"دستة","dasta","Dozen"
qty_quarter,67,word,"ربع","robʿ","A quarter"
qty_half,67,word,"نص","noSS","A half"
qty_third,67,word,"تلت","talt","A third"
qty_piece,67,word,"حتة","Hetta","A piece"
chore_sweep,68,word,"بكنس","baknes","I sweep"
chore_mop,68,word,"بامسح","bamsaH","I mop / wipe"
chore_tidy,68,word,"بارتب","baratteb","I tidy up"
chore_iron,68,word,"باكوي","bakwi","I iron"
chore_laundry,68,word,"غسيل","ghasiil","Laundry"
chore_dishes,68,word,"مواعين","mawaʿiin","Dishes"
chore_broom,68,word,"مكنسة","moknsa","Broom / vacuum"
chore_soap,68,word,"صابون","Saboon","Soap"
chore_towel,68,word,"فوطة","fooTa","Towel"
chore_clean,68,sentence,"البيت نضيف","el-beet naDiif","The house is clean"
idiom_godthere,69,sentence,"ربنا موجود","rabbena mawgood","Don't worry — God provides"
idiom_lifegood,69,sentence,"الدنيا حلوة","ed-donya Helwa","Life is good"
idiom_none,69,sentence,"مالكش دعوة","malaksh daʿwa","None of your business (m)"
idiom_gladly,69,phrase,"على عيني","ʿala ʿeini","Gladly / with pleasure"
idiom_okay,69,sentence,"ماشي الحال","maashi el-Haal","Things are okay"
idiom_takecare,69,sentence,"خلي بالك من نفسك","khalli baalak men nafsak","Take care of yourself (m)"
idiom_nouse,69,sentence,"مفيش فايدة","mafiish fayda","It's no use"
idiom_patience,69,sentence,"الصبر مفتاح الفرج","eS-Sabr moftaaH el-farag","Patience is the key to relief"
idiom_past,69,sentence,"اللي فات مات","elli faat maat","What's past is past"
idiom_blessyou,69,phrase,"ربنا يكرمك","rabbena yekremak","May God bless you (m)"
end_habibi,70,word,"حبيبي","habiibi","My love / dear (to a man)"
end_habibti,70,word,"حبيبتي","habiibti","My love / dear (to a woman)"
end_yahabibi,70,phrase,"يا حبيبي","ya habiibi","My dear! (affectionate, to m)"
end_hayati,70,word,"حياتي","Hayaati","My life (darling)"
end_omri,70,word,"عمري","ʿomri","My life / my everything"
end_yarohi,70,phrase,"يا روحي","ya rooHi","My soul (darling)"
end_yaamar,70,phrase,"يا قمر","ya ʾamar","Gorgeous (lit. 'oh moon')"
end_yagamil,70,phrase,"يا جميل","ya gamiil","Handsome / lovely (to m)"
end_yahelw,70,phrase,"يا حلو","ya Helw","Cutie (to m)"
end_yaasal,70,phrase,"يا عسل","ya ʿasal","Sweetie (lit. honey)"
end_noureini,70,phrase,"نور عيني","noor ʿeini","Light of my eyes (darling)"
end_yaalbi,70,phrase,"يا قلبي","ya ʾalbi","My heart (darling)"
react_tohfa,71,word,"تحفة","toHfa","Awesome / a gem"
react_fashikh,71,word,"فشيخ","fasheekh","Awesome / dope (slang)"
react_hayel,71,word,"هايل","haayel","Fantastic / great"
react_rawaa,71,word,"روعة","rawʿa","Wonderful"
react_rahib,71,word,"رهيب","raheeb","Amazing (slang)"
react_mazboot,71,word,"مظبوط","maZbooT","Exactly right / correct"
react_bezzabt,71,word,"بالظبط","bezZabT","Exactly"
react_helwawi,71,phrase,"حلو أوي","Helw awi","Really nice"
react_tamamawi,71,phrase,"تمام أوي","tamaam awi","Perfect"
react_waw,71,word,"واو","waaw","Wow"
react_mishmaaool,71,phrase,"مش معقول","mish maʿʾool","Unbelievable / no way"
react_yakhrabeti,71,word,"يخربيتي","yakhrabeeti","Wow! / oh no! (exclamation)"
fill_bardo,72,word,"برضه","bardo","Also / too / still"
fill_aslan,72,word,"أصلاً","aSlan","Actually / originally / at all"
fill_asdi,72,word,"قصدي","ʾaSdi","I mean / what I mean is"
fill_basita,72,word,"بسيطة","basiiTa","No big deal / it's simple"
fill_yaanieh,72,phrase,"يعني إيه","yaʿni eh","What do you mean? / what's that?"
fill_omaal,72,word,"أمال","omaal","Then? / what about it?"
fill_baa,72,word,"بقى","baʾa","So / then (emphatic particle)"
fill_khalis,72,word,"خالص","khaaliS","At all / completely"
fill_saraha,72,word,"صراحة","Saraaha","Honestly / frankly"
fill_omooman,72,word,"عموماً","ʿomooman","Anyway / in general"
fill_elmohem,72,word,"المهم","el-mohem","Anyway / the main thing"
fill_yadob,72,word,"يدوب","yadoob","Barely / just"
catch_akhbarak,73,phrase,"أخبارك إيه","akhbaarak eh","How are you? / what's up? (m)"
catch_elakhbar,73,phrase,"إيه الأخبار","eh el-akhbaar","What's new? / how's it going?"
catch_aamel,73,phrase,"عامل إيه","ʿaamel eh","How are you doing? (m)"
catch_aamlaf,73,phrase,"عاملة إيه","ʿamla eh","How are you doing? (to f)"
catch_ahwal,73,phrase,"إيه الأحوال","eh el-aHwaal","How are things?"
catch_nawwart,73,word,"نورت","nawwart","You lit up the place! (welcome, m)"
catch_ahlanbik,73,phrase,"أهلا بيك","aHlan biik","Welcome! (to m)"
catch_seha,73,phrase,"إزاي صحتك","ezzay SeHetak","How's your health? (m)"
catch_anakwayyes,73,phrase,"أنا كويس","ana kwayyes","I'm good (m)"
catch_tamamhamd,73,sentence,"تمام الحمد لله","tamaam el-Hamdulillah","Fine, thank God"
catch_wenta,73,word,"وإنت","wenta","And you? (to m)"
catch_kollfoll,73,sentence,"كله زي الفل","kollo zayy el-foll","Everything's great"
love_entakoll,74,sentence,"إنت كل حاجة","enta kollo Haaga","You're everything (to m)"
love_bahebbakawi,74,phrase,"بحبك أوي","baHebbak awi","I love you so much (m)"
love_bafakkar,74,phrase,"بفكر فيك","bafakkar fiik","I think about you (m)"
love_entigamila,74,phrase,"إنتي جميلة","enti gamiila","You're beautiful (to f)"
love_bamootfik,74,phrase,"بموت فيك","bamoot fiik","I'm crazy about you (m)"
love_albimaak,74,phrase,"قلبي معاك","ʾalbi maʿaak","My heart is with you (m)"
love_atgawwez,74,sentence,"عايز أتجوزك","ʿaayez atgawwezek","I want to marry you (to f)"
love_nefsiashoofak,74,sentence,"نفسي أشوفك","nefsi ashoofak","I long to see you (to m)"
love_weheshtniawi,74,phrase,"وحشتني أوي","weHeshtni awi","I missed you so much"
love_ayezashoofak,74,sentence,"عايز أشوفك","ʿaayez ashoofak","I want to see you (to m)"
ph_mestanni,75,word,"مستني","mestanni","Waiting (m)"
ph_mafishwat,75,phrase,"مفيش وقت","mafiish waʾt","There's no time"
ph_mestaagel,75,word,"مستعجل","mestaʿgel","In a hurry (m)"
ph_estannashwaya,75,phrase,"استنى شوية","estanna shwayya","Wait a bit"
ph_anagay,75,phrase,"أنا جاي","ana gayy","I'm coming (m)"
ph_khallenifakkar,75,phrase,"خليني أفكر","khalleeni afakkar","Let me think"
ph_mishfadi,75,phrase,"مش فاضي","mish faaDi","I'm busy / not free (m)"
ph_wesselt,75,word,"وصلت","weSelt","I've arrived"
ph_fittari,75,sentence,"أنا في الطريق","ana fit-Tariiʾ","I'm on the way"
ph_sanya,75,phrase,"ثانية واحدة","sanya waHda","One second"
ph_gayhalan,75,phrase,"جاي حالاً","gayy Haalan","Coming right now"
ph_mishdelwati,75,phrase,"مش دلوقتي","mish delwaʾti","Not now"
agr_zayenta,76,sentence,"زي ما إنت عايز","zayy ma enta ʿaayez","As you wish (m)"
agr_alarasi,76,phrase,"على راسي","ʿala raasi","Gladly / my pleasure (lit. on my head)"
agr_mineneya,76,phrase,"من عينيا","min ʿeneyya","With pleasure (lit. from my eyes)"
agr_laashokran,76,phrase,"لأ شكراً","laʾ shokran","No, thanks"
agr_mishmomken,76,phrase,"مش ممكن","mish momken","Not possible / no way"
agr_maadarsh,76,word,"مقدرش","maʾdarsh","I can't (m)"
agr_anamowafe,76,phrase,"أنا موافق","ana mowaafeʾ","I agree (m)"
agr_mishmehtemm,76,phrase,"مش مهتم","mish mehtemm","I'm not interested (m)"
agr_maashitamam,76,phrase,"ماشي تمام","maashi tamaam","Okay, fine"
agr_etfaana,76,word,"اتفقنا","etfaʾna","Deal / agreed"
excl_yaah,77,word,"يااه","yaaah","Wow / oh"
excl_yasalam,77,phrase,"يا سلام","ya salaam","Wow / how lovely"
excl_nahar,77,phrase,"يا نهار أبيض","ya nahaar abyaD","Oh my goodness! (surprise)"
excl_yakhabar,77,phrase,"يا خبر","ya khabar","Oh my! (shocking news)"
excl_haraam,77,word,"حرام","Haraam","What a shame / that's wrong"
excl_yalatif,77,phrase,"يا لطيف","ya laTiif","Oh dear"
excl_ehda,77,phrase,"إيه ده","eh da","What is this?! / what the…"
excl_baakeda,77,phrase,"بقى كده","baʾa keda","Oh, like that? / really?"
excl_yabakhtak,77,phrase,"يا بختك","ya bakhtak","Lucky you (m)"
excl_sobhan,77,phrase,"سبحان الله","sobHaan allah","Subhanallah! (amazement)"
comp_zooaak,78,phrase,"ذوقك عالي","zooʾak ʿaali","You have great taste (m)"
comp_oobaalak,78,word,"عقبالك","ʿoʾbaalak","May you be next! (good wishes, m)"
comp_alfmabrook,78,phrase,"ألف مبروك","alf mabrook","Congratulations!"
comp_akhlaak,78,phrase,"أخلاقك حلوة","akhlaaʾak Helwa","You're well-mannered (m)"
comp_teslamidak,78,phrase,"تسلم إيدك","teslam iidak","Bless your hands (thanks, m)"
comp_kotrkheir,78,phrase,"كتر خيرك","kotr kheirak","Thank you / bless you (m)"
comp_gadaa,78,word,"جدع","gadaʿ","A good, reliable guy"
comp_ebnhalal,78,phrase,"ابن حلال","ebn Halaal","A decent person"
comp_teslam,78,word,"تسلم","teslam","Bless you / thanks (m)"
comp_testahel,78,word,"تستاهل","testaahel","You deserve it (m)"
cmd_sibni,79,word,"سيبني","sibni","Leave me / let me be (m)"
cmd_khallena,79,word,"خلينا","khalleena","Let's / let us"
cmd_anarayeh,79,phrase,"أنا رايح","ana raayeH","I'm going (m)"
cmd_emshi,79,word,"امشي","emshi","Go / move"
cmd_haat,79,word,"هات","haat","Give / bring it"
cmd_khod,79,word,"خد","khod","Take"
cmd_shoof,79,word,"شوف","shoof","Look / see (m)"
cmd_esmaa,79,word,"اسمع","esmaʿ","Listen (m)"
cmd_olli,79,phrase,"قول لي","ʾolli","Tell me (m)"
cmd_balash,79,word,"بلاش","balaash","Don't / let's not"
cmd_oom,79,word,"قوم","ʾoom","Get up / come on (m)"
cmd_boss,79,word,"بص","boSS","Look (m)"